Group;Head;Phone;Email;Website;Logo;Address;Lat;Long
Murchison & Cumming LLP;"Edmund ""Chip"" G. Farrell";213.630.1020;efarrell@murchisonlaw.com;http://www.murchisonlaw.com/;https://i.imgur.com/dErvJDb.jpg;801 South Grand Ave., 9th Floor, Los Angeles, CA 90017;34.04582516022879;-118.25831278939377
Murchison & Cumming LLP;"Edmund ""Chip"" G. Farrell";213.630.1020;efarrell@murchisonlaw.com;http://www.murchisonlaw.com/;https://i.imgur.com/dErvJDb.jpg;18201 Von Karmen Ave., Suite 950, Irvine, CA 92612;33.67792215252319;-117.85361158940408
Murchison & Cumming LLP;"Edmund ""Chip"" G. Farrell";213.630.1020;efarrell@murchisonlaw.com;http://www.murchisonlaw.com/;https://i.imgur.com/dErvJDb.jpg;Symphony Towers, 750 B St., Suite 2250, San Diego, CA 92101;32.71801510760419;-117.15777531457059
Murchison & Cumming LLP;"Edmund ""Chip"" G. Farrell";213.630.1020;efarrell@murchisonlaw.com;http://www.murchisonlaw.com/;https://i.imgur.com/dErvJDb.jpg;Embarcodero Center West, 275 Batter St., Suite 850, Son Francisco, CA 94111;37.79483557939933;-122.39845909225293
Murchison & Cumming LLP;"Edmund ""Chip"" G. Farrell";213.630.1020;efarrell@murchisonlaw.com;http://www.murchisonlaw.com/;https://i.imgur.com/dErvJDb.jpg;Tivoli Vilage, 350 S. Rampart Blvd., Suite 320, Las Vegas, NV 89145;36.16833188008888;-115.28529723166166
Murchison & Cumming LLP;"Edmund ""Chip"" G. Farrell";213.630.1020;efarrell@murchisonlaw.com;http://www.murchisonlaw.com/;https://i.imgur.com/dErvJDb.jpg;One Lakeshore Contre, 281 E. Guosti Rd., 7th Floor, Ontario, CA 91761;34.06524354392385;-117.57948882987505
Deutsch Kerrigan LLP;Kelly E. Theard;504.593.0667;Kthearde@deutschkerrigan.com;https://www.deutschkerrigan.com/;https://i.imgur.com/dErvJDb.jpg;755 Mogazine St., New Orleans, LA 70130;29.94570668539517;-90.0694860031465
Deutsch Kerrigan LLP;Kelly E. Theard;504.593.0667;Kthearde@deutschkerrigan.com;https://www.deutschkerrigan.com/;https://i.imgur.com/dErvJDb.jpg;2510 1th St., Suite 101, Gulfport, MS 39501;30.373550700294057;-89.09082312961574
Kessler Collins;Gary Kessler;214.379.0700;gsk@kesslercollins.com;https://www.kesslercollins.com/;https://i.imgur.com/dErvJDb.jpg;2100 Ross Ave., Suite 750, Dallas, TX 75201;32.78751353967546;-96.79752093004318
Wicker Smith;Richards Ford;407.843.3939;rford@wickersmith.com;https://www.wickersmith.com/;https://i.imgur.com/dErvJDb.jpg;700 Gloucester St., Suite 301, Brunswick, GA 31520;31.149217235542267;-81.49294148776718
Wicker Smith;Richards Ford;407.843.3939;rford@wickersmith.com;https://www.wickersmith.com/;https://i.imgur.com/dErvJDb.jpg;515ÿEastÿLasÿOlasÿBlvd., Suite 1400, Fort Lauderdale, FL 33301;26.120081816611275;-80.13807858791435
Wicker Smith;Richards Ford;407.843.3939;rford@wickersmith.com;https://www.wickersmith.com/;https://i.imgur.com/dErvJDb.jpg;50 North Loure St., Suite 2700 Jacksonville, FL 32202;26.251349838841183;-81.79737993208828
Wicker Smith;Richards Ford;407.843.3939;rford@wickersmith.com;https://www.wickersmith.com/;https://i.imgur.com/dErvJDb.jpg;6525 Third St., Suite 309 Rockledge, FL.32955;28.228621629753075;-80.67345946086843
Wicker Smith;Richards Ford;407.843.3939;rford@wickersmith.com;https://www.wickersmith.com/;https://i.imgur.com/dErvJDb.jpg;Ponce de Leon Blvd., Suite 300 Coral Gables, FL 33134;25.755249165461354;-80.25870269420516
Wicker Smith;Richards Ford;407.843.3939;rford@wickersmith.com;https://www.wickersmith.com/;https://i.imgur.com/dErvJDb.jpg;9132 Strada Place, Suite 400, Naples, FL 34108;26.251349838841183;-81.79742284743025
Wicker Smith;Richards Ford;407.843.3939;rford@wickersmith.com;https://www.wickersmith.com/;https://i.imgur.com/dErvJDb.jpg;3990 Hillsboro Pike, Suite 300, Nashville, TN 37215;36.10458547524729;-86.81420177410608
Wicker Smith;Richards Ford;407.843.3939;rford@wickersmith.com;https://www.wickersmith.com/;https://i.imgur.com/dErvJDb.jpg;390 North Orange Ave., Suite 1000, Orlando, FL 32801;28.547135982451664;-81.38005277435268
Wicker Smith;Richards Ford;407.843.3939;rford@wickersmith.com;https://www.wickersmith.com/;https://i.imgur.com/dErvJDb.jpg;125 West Romana St., Suite 202, Pensacola, FL 32502;30.410654681750533;-87.21749751662578
Wicker Smith;Richards Ford;407.843.3939;rford@wickersmith.com;https://www.wickersmith.com/;https://i.imgur.com/dErvJDb.jpg;One North Central Ave., Suite 885, Phoenix, AZ 65004;33.448510471432925;-112.07337484990866
Wicker Smith;Richards Ford;407.843.3939;rford@wickersmith.com;https://www.wickersmith.com/;https://i.imgur.com/dErvJDb.jpg;1819 Main St., Suite 910, Sorasota, FL 34236;27.33703564423963;-82.53359793205833
Wicker Smith;Richards Ford;407.843.3939;rford@wickersmith.com;https://www.wickersmith.com/;https://i.imgur.com/dErvJDb.jpg;100 North Tampa St., Suite 1800, Tampa, FL 33602;27.94545666048471;-82.45824428786368
Wicker Smith;Richards Ford;407.843.3939;rford@wickersmith.com;https://www.wickersmith.com/;https://i.imgur.com/dErvJDb.jpg;515 North Flagler Dr., Suite 1600, West Palm Beach, FL 3340;26.71738031670746;-80.05142854556908
Roetzel & Andress;Brad Wright;330.849.6629;bwright@ralaw.com;https://www.ralaw.com/;https://i.imgur.com/dErvJDb.jpg;222 South Main Street, Suite 400, Akron, OH 44308;41.07932517929361;-81.5206691315876
Roetzel & Andress;Brad Wright;330.849.6629;bwright@ralaw.com;https://www.ralaw.com/;https://i.imgur.com/dErvJDb.jpg;30 N, LaSalle Street, Suite 2800, Chicago, IL 60602;41.88283510373866;-87.63291116039056
Roetzel & Andress;Brad Wright;330.849.6629;bwright@ralaw.com;https://www.ralaw.com/;https://i.imgur.com/dErvJDb.jpg;625 Eden Park Drive, Suite 450, Cincinnati, OH 45202;39.11725960357359;-84.49871408748733
Roetzel & Andress;Brad Wright;330.849.6629;bwright@ralaw.com;https://www.ralaw.com/;https://i.imgur.com/dErvJDb.jpg;1375 East Ninth Street, One Cleveland Center, 10th Floor, Cleveland, OH 44114;41.503812084112674;-81.68934827382033
Roetzel & Andress;Brad Wright;330.849.6629;bwright@ralaw.com;https://www.ralaw.com/;https://i.imgur.com/dErvJDb.jpg;41 South High Street, Huntington Center, 21st Floor, Columbus, OH 43215;39.96106514977853;-83.00080834688406
Roetzel & Andress;Brad Wright;330.849.6629;bwright@ralaw.com;https://www.ralaw.com/;https://i.imgur.com/dErvJDb.jpg;400 Renaissance Center, Suite 2600, Detroit, MI 48243;42.329156537731706;-83.03993138913333
Roetzel & Andress;Brad Wright;330.849.6629;bwright@ralaw.com;https://www.ralaw.com/;https://i.imgur.com/dErvJDb.jpg;110 West Vine Str., Lexington, KY 40507;38.04620548328977;-84.49892023160416
Roetzel & Andress;Brad Wright;330.849.6629;bwright@ralaw.com;https://www.ralaw.com/;https://i.imgur.com/dErvJDb.jpg;One SeaGate, Suite 1700, Toledo, OH 43604;41.664264624273926;-83.51340368915625
Roetzel & Andress;Brad Wright;330.849.6629;bwright@ralaw.com;https://www.ralaw.com/;https://i.imgur.com/dErvJDb.jpg;1300 Pennsylvania Avenue, NW, Suite 700, Washington, D.C. 20004;38.894326277733036;-77.03056187390656
Roetzel & Andress;Brad Wright;330.849.6629;bwright@ralaw.com;https://www.ralaw.com/;https://i.imgur.com/dErvJDb.jpg;121 N. Market Street, 6th Floor, Wooster, OH 44691;40.79877917932719;-81.93963497384412
Wade Clark Mulcahy ;Robert Cosgrove & Michael Bono;212 267 1900, 212 267 9470;RCosgrove@wcmlaw.com, Mbono@wcmlaw.com;https://www.wcmlaw.com/;https://i.imgur.com/dErvJDb.jpg;180 Maiden Lane, Suite 901, New York, NY 10038;40.70520756684578;-74.00520515951823
Wade Clark Mulcahy ;Robert Cosgrove & Michael Bono;973 258 1700, 973 258 1708;RCosgrove@wcmlaw.com, Mbono@wcmlaw.com;https://www.wcmlaw.com/;https://i.imgur.com/dErvJDb.jpg;955 S. Springfield Avenue, Suite 100, Springfield, NJ 07081;40.683106043378906;-74.32451508734195
Wade Clark Mulcahy ;Robert Cosgrove & Michael Bono;267 239 5526, 267 565 1236;RCosgrove@wcmlaw.com, Mbono@wcmlaw.com;https://www.wcmlaw.com/;https://i.imgur.com/dErvJDb.jpg;1515 Market St., Ste 2050, Philadelphia, PA 19102;39.952982203848485;-75.16617106037829
Wade Clark Mulcahy ;Robert Cosgrove & Michael Bono;516 873 0011, 516 873 0120;RCosgrove@wcmlaw.com, Mbono@wcmlaw.com;https://www.wcmlaw.com/;https://i.imgur.com/dErvJDb.jpg;1 Old Country Road, Suite 318, Carle Place, New York 11514;40.74282932267951;-73.62165711802284
Wade Clark Mulcahy ;Robert Cosgrove & Michael Bono;786 636 1541;RCosgrove@wcmlaw.com, Mbono@wcmlaw.com;https://www.wcmlaw.com/;https://i.imgur.com/dErvJDb.jpg; 1395 Brickell Ave, Suite 800, Miami, FL, 33131;25.760473921052878;-80.19091723192624
